,CG,CA,TA,AG,GG,AA,GA,AT,AC,GC,TG,CT,CC,TT,TC,GT
twist-twist,0.0227,0.021,0.0357,0.0441,0.0482,0.0461,0.0422,0.0463,0.0489,0.0421,0.021,0.0441,0.0482,0.0461,0.0422,0.0489
tilt-tilt,0.0278,0.0275,0.0245,0.0371,0.0414,0.0389,0.0392,0.0404,0.0411,0.0396,0.0275,0.0371,0.0414,0.0389,0.0392,0.0411
roll-roll,0.0153,0.0184,0.0136,0.0227,0.0241,0.0235,0.0211,0.0272,0.0267,0.0275,0.0184,0.0227,0.0241,0.0235,0.0211,0.0267
twist-tilt,0,-0.0005,0,-0.0027,-0.0004,0.006,0.0005,0,0.0007,0,-0.0005,-0.0027,-0.0004,0.006,0.0005,0.0007
twist-roll,0.0031,0.0049,0.0084,0.0057,0.0044,0.0083,0.0086,0.0081,0.0076,0.007,0.0049,0.0057,0.0044,0.0083,0.0086,0.0076
tilt-roll,0,0.0009,0,-0.0027,-0.0009,0.0033,-0.0002,0,0.0029,0,0.0009,-0.0027,-0.0009,0.0033,-0.0002,0.0029
shift-shift,1.3464,1.6003,1.5294,1.6568,1.9839,1.9748,1.4302,1.1932,1.341,1.7614,1.6003,1.6568,1.9839,1.9748,1.4302,1.341
slide-slide,2.0342,2.2856,2.2691,2.7056,3.2154,2.9137,2.5179,3.3095,2.9739,2.7084,2.2856,2.7056,3.2154,2.9137,2.5179,2.9739
rise-rise,4.3896,6.2903,5.0546,6.3875,7.3347,7.6206,8.3295,10.4992,9.8821,10.2808,6.2903,6.3875,7.3347,7.6206,8.3295,9.8821
shift-slide,0,-0.2832,0,-0.0263,0.0572,0.1711,0.0259,0,-0.1574,0,-0.2832,-0.0263,0.0572,0.1711,0.0259,-0.1574
shift-rise,0,-0.0651,0,-0.0318,0.2151,0.1922,0.025,0,-0.0059,0,-0.0651,-0.0318,0.2151,0.1922,0.025,-0.0059
slide-rise,1.4671,0.816,0.913,1.3204,1.1959,1.3815,1.1528,2.4811,2.5929,2.5578,0.816,1.3204,1.1959,1.3815,1.1528,2.5929
twist-shift,0,-0.0102,0,-0.0311,0.0238,0.0568,-0.0011,0,0.0051,0,-0.0102,-0.0311,0.0238,0.0568,-0.0011,0.0051
twist-slide,-0.0855,-0.017,-0.0926,-0.1764,-0.225,-0.218,-0.2056,-0.1157,-0.2007,-0.1929,-0.017,-0.1764,-0.225,-0.218,-0.2056,-0.2007
twist-rise,-0.1243,-0.1259,-0.0932,-0.1437,-0.1142,-0.1587,-0.1276,-0.0891,-0.16,-0.1603,-0.1259,-0.1437,-0.1142,-0.1587,-0.1276,-0.16
tilt-shift,-0.0516,0.004,0.0233,-0.0194,-0.0653,0.0015,-0.0262,0.0241,-0.0049,-0.0478,0.004,-0.0194,-0.0653,0.0015,-0.0262,-0.0049
tilt-slide,0,-0.0021,0,0.0078,0.005,-0.0075,-0.0023,0,-0.0129,0,-0.0021,0.0078,0.005,-0.0075,-0.0023,-0.0129
tilt-rise,0,-0.0158,0,0.0498,-0.0838,-0.2054,-0.0829,0,0.0439,0,-0.0158,0.0498,-0.0838,-0.2054,-0.0829,0.0439
roll-shift,0,-0.0024,0,-0.0143,-0.0042,0.0158,0.0112,0,0.0141,0,-0.0024,-0.0143,-0.0042,0.0158,0.0112,0.0141
roll-slide,-0.0205,0.0093,-0.0078,-0.0291,-0.007,-0.022,-0.0006,-0.0499,-0.0022,0.0055,0.0093,-0.0291,-0.007,-0.022,-0.0006,-0.0022
roll-rise,-0.0199,-0.0865,-0.037,-0.001,0.0044,-0.0541,-0.0121,0.0927,0.1089,0.1257,-0.0865,-0.001,0.0044,-0.0541,-0.0121,0.1089
