,AA,AC,AG,AT,Ave,CA,CC,CG,CT,GA,GC,GG,GT,TA,TC,TG,TT
tilt-tilt,207.73324,221.16218,200.28179,216.86174,195.82691,146.17762,225.01953,150.88272,200.28179,210.62471,214.38125,225.01953,221.16218,129.10674,210.62471,146.17762,207.73324
tilt-roll,17.484222,15.444858,-14.642243,-6.2426983e-12,0.0,4.7463746,4.732337,-1.9270642e-12,14.642243,-1.4399108,1.7106332e-11,-4.732337,-15.444858,-1.8605403e-11,1.4399108,-4.7463746,-17.484222
tilt-twist,30.835662,3.5259617,-14.492126,-9.2819191e-12,0.0,-2.5198086,2.7856848,-1.0351657e-11,14.492126,2.6223976,7.1298548e-11,-2.7856848,-3.5259617,-7.4997758e-11,-2.6223976,2.5198086,-30.835662
tilt-shift,-6.5897273,-9.8223614,-24.857666,18.704879,-22.829706,-3.4586417,-70.020801,-54.774039,-24.857666,-30.95891,-52.614281,-70.020801,-9.8223614,14.824366,-30.95891,-3.4586417,-6.5897273
tilt-slide,-7.5265797,-11.187254,8.3792901,-1.6744093e-11,0.0,-0.72019958,-4.2518875,1.2763965e-11,-8.3792901,-2.3821542,-4.7896139e-11,4.2518875,11.187254,3.4252077e-11,2.3821542,0.72019958,7.5265797
tilt-rise,-195.12138,43.204531,48.339386,-9.0871076e-11,0.0,-13.97141,79.917354,2.801405e-11,-48.339386,-81.28022,-2.9850618e-12,-79.917354,-43.204531,3.2802482e-11,81.28022,13.97141,195.12138
roll-roll,126.98464,143.15931,123.91326,148.42141,120.06156,97.396194,130.1586,83.019248,123.91326,113.06128,146.67053,130.1586,143.15931,73.527282,113.06128,97.396194,126.98464
roll-twist,50.602012,46.598895,36.583405,47.130306,40.390892,26.992866,30.619886,19.526889,36.583405,52.373042,43.104343,30.619886,46.598895,48.952514,52.373042,26.992866,50.602012
roll-shift,14.398552,13.990944,-13.656652,-2.0968973e-12,0.0,-1.1825142,4.1357396,1.0431887e-12,13.656652,10.507625,2.398053e-12,-4.1357396,-13.990944,-1.9693953e-12,-10.507625,1.1825142,-14.398552
roll-slide,-33.426056,-15.405001,-39.783803,-60.794745,-22.717988,-1.643661,-21.431258,-28.643022,-39.783803,-12.346737,-7.2752377,-21.431258,-15.405001,-18.701768,-12.346737,-1.643661,-33.426056
roll-rise,-57.871874,86.676343,-8.7438978,72.720594,-3.0613769,-81.929308,-3.2182631,-23.95162,-8.7438978,-15.945271,103.65899,-3.2182631,86.676343,-39.345453,-15.945271,-81.929308,-57.871874
twist-twist,254.31811,269.55394,244.05197,255.1883,223.49213,115.55942,266.73752,125.59764,244.05197,232.88447,231.9807,266.73752,269.55394,196.89665,232.88447,115.55942,254.31811
twist-shift,55.206526,4.9438711,-29.246244,1.0948503e-12,0.0,-9.8316026,-22.902894,2.7260922e-12,29.246244,-0.59839762,-2.8670209e-12,22.902894,-4.9438711,-5.0764867e-12,0.59839762,9.8316026,-55.206526
twist-slide,-209.95726,-193.38599,-171.89015,-111.80437,-155.82781,-18.410802,-218.34288,-84.294656,-171.89015,-198.57984,-185.63094,-218.34288,-193.38599,-90.381226,-198.57984,-18.410802,-209.95726
twist-rise,-152.58737,-154.09373,-138.30962,-86.177726,-127.75938,-120.48217,-109.60152,-119.49077,-138.30962,-122.34645,-154.21325,-109.60152,-154.09373,-89.426614,-122.34645,-120.48217,-152.58737
shift-shift,331.25321,225.02006,278.0366,200.21896,270.60752,268.51532,332.88933,225.92592,278.0366,239.9751,295.56292,332.88933,225.02006,256.63332,239.9751,268.51532,331.25321
shift-slide,28.3022,-26.465196,-4.9110355,-7.7363914e-12,0.0,-47.491817,-9.7362092,-6.9171382e-12,4.9110355,3.9467418,1.0348282e-11,9.7362092,26.465196,8.739132e-12,-3.9467418,47.491817,-28.3022
shift-rise,30.437822,-1.1406302,-6.9578643,-4.6144736e-11,0.0,-10.040506,-35.936724,-2.0733054e-11,6.9578643,1.7644319,4.6125286e-11,35.936724,1.1406302,4.6888485e-11,-1.7644319,10.040506,-30.437822
slide-slide,489.3568,499.75648,456.45652,556.36341,458.13849,385.39894,541.38105,345.04663,456.45652,423.53512,454.80156,541.38105,499.75648,382.23447,423.53512,385.39894,489.3568
slide-rise,232.61387,436.06425,224.93936,417.81601,257.61856,141.47272,203.80408,249.11046,224.93936,196.02855,429.68993,203.80408,436.06425,155.43489,196.02855,141.47272,232.61387
rise-rise,1278.417,1657.4801,1069.3401,1760.7365,1277.1289,1053.6521,1228.9349,732.86701,1069.3401,1396.6711,1724.7862,1228.9349,1657.4801,846.68239,1396.6711,1053.6521,1278.417
